Year ,Month,State,County,Unemployment_Rate
2020,June,CA,Alameda County,0.135
2020,June,CA,Alpine County,0.189
2020,June,CA,Amador County,0.127
2020,June,CA,Butte County,0.122
2020,June,CA,Calaveras County,0.11
2020,June,CA,Colusa County,0.184
2020,June,CA,Contra Costa County,0.134
2020,June,CA,Del Norte County,0.125
2020,June,CA,El Dorado County,0.128
2020,June,CA,Fresno County,0.145
2020,June,CA,Glenn County,0.128
2020,June,CA,Humboldt County,0.117
2020,June,CA,Imperial County,0.274
2020,June,CA,Inyo County,0.11
2020,June,CA,Kern County,0.175
2020,June,CA,Kings County,0.144
2020,June,CA,Lake County,0.142
2020,June,CA,Lassen County,0.094
2020,June,CA,Los Angeles County,0.196
2020,June,CA,Los Angeles County,0.194
2020,June,CA,Madera County,0.139
2020,June,CA,Marin County,0.101
2020,June,CA,Mariposa County,0.141
2020,June,CA,Mendocino County,0.124
2020,June,CA,Merced County,0.156
2020,June,CA,Modoc County,0.098
2020,June,CA,Mono County,0.247
2020,June,CA,Monterey County,0.144
2020,June,CA,Napa County,0.126
2020,June,CA,Nevada County,0.131
2020,June,CA,Orange County,0.136
2020,June,CA,Placer County,0.111
2020,June,CA,Plumas County,0.137
2020,June,CA,Riverside County,0.147
2020,June,CA,Sacramento County,0.136
2020,June,CA,San Benito County,0.137
2020,June,CA,San Bernardino County,0.138
2020,June,CA,San Diego County,0.138
2020,June,CA,San Francisco County,0.125
2020,June,CA,San Joaquin County,0.158
2020,June,CA,San Luis Obispo County,0.115
2020,June,CA,San Mateo County,0.108
2020,June,CA,Santa Barbara County,0.115
2020,June,CA,Santa Clara County,0.107
2020,June,CA,Santa Cruz County,0.131
2020,June,CA,Shasta County,0.115
2020,June,CA,Sierra County,0.113
2020,June,CA,Siskiyou County,0.124
2020,June,CA,Solano County,0.136
2020,June,CA,Sonoma County,0.116
2020,June,CA,Stanislaus County,0.15
2020,June,CA,Sutter County,0.15
2020,June,CA,Tehama County,0.118
2020,June,CA,Trinity County,0.096
2020,June,CA,Tulare County,0.171
2020,June,CA,Tuolumne County,0.143
2020,June,CA,Ventura County,0.126
2020,June,CA,Yolo County,0.105
2020,June,CA,Yuba County,0.143
2020,June,CA,Anaheim-Santa Ana-Irvine MD,0.136
2020,June,CA,Bakersfield MSA,0.175
2020,June,CA,Chico MSA,0.122
2020,June,CA,El Centro MSA,0.274
2020,June,CA,Fresno MSA,0.145
2020,June,CA,Hanford-Corcoran MSA,0.144
2020,June,CA,Los Angeles-Long Beach-Glendale MD,0.196
2020,June,CA,Los Angeles-Long Beach-Glendale MD,0.194
2020,June,CA,Madera MSA,0.139
2020,June,CA,Merced MSA,0.156
2020,June,CA,Modesto MSA,0.15
2020,June,CA,Napa MSA,0.126
2020,June,CA,Oakland-Hayward-Berkeley MD,0.135
2020,June,CA,Oxnard-Thousand Oaks-Ventura MSA,0.126
2020,June,CA,Redding MSA,0.115
2020,June,CA,Riverside-San Bernardino-Ontario MSA,0.143
2020,June,CA,Sacramento--Roseville--Arden-Arcade MSA,0.128
2020,June,CA,Salinas MSA,0.144
2020,June,CA,San Diego-Carlsbad MSA,0.138
2020,June,CA,San Francisco-Redwood City-South San Francisco MD,0.118
2020,June,CA,San Jose-Sunnyvale-Santa Clara MSA,0.108
2020,June,CA,San Luis Obispo-Paso Robles-Arroyo Grande MSA,0.115
2020,June,CA,San Rafael MD,0.101
2020,June,CA,Santa Cruz-Watsonville MSA,0.131
2020,June,CA,Santa Maria-Santa Barbara MSA,0.115
2020,June,CA,Santa Rosa MSA,0.116
2020,June,CA,Stockton-Lodi MSA,0.158
2020,June,CA,Vallejo-Fairfield MSA,0.136
2020,June,CA,Visalia-Porterville MSA,0.171
2020,June,CA,Yuba City MSA,0.147
2020,June,CA,Acton CDP,0.153
2020,June,CA,Adelanto city,0.207
2020,June,CA,Agoura Hills city,0.166
2020,June,CA,Alameda city,0.135
2020,June,CA,Alamo CDP,0.081
2020,June,CA,Albany city,0.116
2020,June,CA,Alhambra city,0.217
2020,June,CA,Aliso Viejo city,0.116
2020,June,CA,Alondra Park CDP,0.258
2020,June,CA,Alpaugh CDP,0.344
2020,June,CA,Alpine Village CDP,0
2020,June,CA,Altadena CDP,0.152
2020,June,CA,Alta Sierra CDP,0.07
2020,June,CA,Alturas city,0.11
2020,June,CA,Amador City city,0.158
2020,June,CA,American Canyon city,0.161
2020,June,CA,Anaheim city,0.163
2020,June,CA,Anderson city,0.106
2020,June,CA,Angels City city,0.004
2020,June,CA,Angwin CDP,0.117
2020,June,CA,Antioch city,0.171
2020,June,CA,Apple Valley town,0.129
2020,June,CA,Aptos CDP,0.047
2020,June,CA,Aptos Hills Larkin Valley CDP,0.199
2020,June,CA,Arbuckle CDP,0.231
2020,June,CA,Arcadia city,0.164
2020,June,CA,Arcata city,0.171
2020,June,CA,Arden Arcade CDP,0.171
2020,June,CA,Armona CDP,0.184
2020,June,CA,Arnold CDP,0.138
2020,June,CA,Aromas CDP (Monterey Co),0.108
2020,June,CA,Arroyo Grande city,0.101
2020,June,CA,Artesia city,0.165
2020,June,CA,Arvin city,0.166
2020,June,CA,Ashland CDP,0.202
2020,June,CA,Atascadero city,0.107
2020,June,CA,Atherton town,0.118
2020,June,CA,Atwater city,0.152
2020,June,CA,Auberry CDP,0.089
2020,June,CA,Auburn city,0.121
2020,June,CA,August CDP,0.283
2020,June,CA,Avalon city,0.02
2020,June,CA,Avenal city,0.218
2020,June,CA,Avery CDP,0.22
2020,June,CA,Avocado Heights CDP,0.233
2020,June,CA,Azusa city,0.171
2020,June,CA,Bakersfield city,0.164
2020,June,CA,Baldwin Park city,0.207
2020,June,CA,Banning city,0.172
2020,June,CA,Barstow city,0.182
2020,June,CA,Bay Point CDP,0.22
2020,June,CA,Beale AFB CDP,0.2
2020,June,CA,Bear Valley CDP,0
2020,June,CA,Bear Valley Springs CDP,0.092
2020,June,CA,Beaumont city,0.136
2020,June,CA,Beckwourth CDP,0
2020,June,CA,Belden CDP,0
2020,June,CA,Bell city,0.196
2020,June,CA,Bellflower city,0.214
2020,June,CA,Bell Gardens city,0.192
2020,June,CA,Belmont city,0.081
2020,June,CA,Benicia city,0.113
2020,June,CA,Ben Lomond CDP,0.063
2020,June,CA,Berkeley city,0.1
2020,June,CA,Bermuda Dunes CDP,0.132
2020,June,CA,Bertsch Oceanview CDP,0.284
2020,June,CA,Bethel Island CDP,0.103
2020,June,CA,Beverly Hills city,0.162
2020,June,CA,Big Bear City CDP,0.086
2020,June,CA,Big Bear Lake city,0.055
2020,June,CA,Biggs city,0.072
2020,June,CA,Big Pine CDP,0.142
2020,June,CA,Big River CDP,0.203
2020,June,CA,Biola CDP,0.368
2020,June,CA,Bishop city,0.095
2020,June,CA,Bloomington CDP,0.152
2020,June,CA,Blue Lake city,0.114
2020,June,CA,Bluewater CDP,0.229
2020,June,CA,Blythe city,0.153
2020,June,CA,Bodega Bay CDP,0.084
2020,June,CA,Bodfish CDP,0.186
2020,June,CA,Bonadelle Ranchos Madera Ranchos CDP,0.099
2020,June,CA,Bonita CDP,0.201
2020,June,CA,Bootjack CDP,0.204
2020,June,CA,Boron CDP,0.116
2020,June,CA,Boronda CDP,0.542
2020,June,CA,Bostonia CDP,0.242
2020,June,CA,Boulder Creek CDP,0.159
2020,June,CA,Boyes Hot Springs CDP,0.078
2020,June,CA,Bradbury city,0.068
2020,June,CA,Bradley CDP,0
2020,June,CA,Brawley city,0.21
2020,June,CA,Brea city,0.136
2020,June,CA,Brentwood city,0.136
2020,June,CA,Bret Harte CDP,0.28
2020,June,CA,Brisbane city,0.113
2020,June,CA,Broadmoor CDP,0.199
2020,June,CA,Bucks Lake CDP,0
2020,June,CA,Buellton city,0.051
2020,June,CA,Buena Park city,0.166
2020,June,CA,Burbank city,0.227
2020,June,CA,Burlingame city,0.092
2020,June,CA,Burney CDP,0.119
2020,June,CA,Buttonwillow CDP,0.182
2020,June,CA,Byron CDP,0.233
2020,June,CA,Bystrom CDP,0.157
2020,June,CA,Cabazon CDP,0.125
2020,June,CA,Calabasas city,0.128
2020,June,CA,Calexico city,0.4
2020,June,CA,California City city,0.317
2020,June,CA,Calimesa city,0.146
2020,June,CA,Calipatria city,0.334
2020,June,CA,Calistoga city,0.164
2020,June,CA,Calwa CDP,0.25
2020,June,CA,Camarillo city,0.114
2020,June,CA,Cambria CDP,0.145
2020,June,CA,Cameron Park CDP,0.119
2020,June,CA,Campbell city,0.096
2020,June,CA,Cantua Creek CDP,0.134
2020,June,CA,Canyondam CDP,0.8
2020,June,CA,Canyon Lake city,0.078
2020,June,CA,Capitola city,0.04
2020,June,CA,Carlsbad city,0.127
2020,June,CA,Carmel by the Sea city,0.004
2020,June,CA,Carmel Valley Village CDP,0.208
2020,June,CA,Carmichael CDP,0.135
2020,June,CA,Carpinteria city,0.098
2020,June,CA,Carson city,0.199
2020,June,CA,Cartago CDP,0
2020,June,CA,Caruthers CDP,0.141
2020,June,CA,Casa Conejo CDP,0.191
2020,June,CA,Casa de Oro Mount Helix CDP,0.131
2020,June,CA,Castro Valley CDP,0.124
2020,June,CA,Castroville CDP,0.251
2020,June,CA,Cathedral City city,0.181
2020,June,CA,Cayucos CDP,0.113
2020,June,CA,Ceres city,0.158
2020,June,CA,Cerritos city,0.171
2020,June,CA,Challenge Brownsville CDP,0
2020,June,CA,Channel Islands Beach CDP,0.303
2020,June,CA,Charter Oak CDP,0.229
2020,June,CA,Cherryland CDP,0.225
2020,June,CA,Cherry Valley CDP,0.092
2020,June,CA,Chester CDP,0.115
2020,June,CA,Chico city,0.126
2020,June,CA,Chilcoot Vinton CDP,1
2020,June,CA,China Lake Acres CDP,0.151
2020,June,CA,Chinese Camp CDP,0
2020,June,CA,Chino city,0.143
2020,June,CA,Chino Hills city,0.12
2020,June,CA,Chowchilla city,0.124
2020,June,CA,Chualar CDP,0.16
2020,June,CA,Chula Vista city,0.157
2020,June,CA,Citrus CDP,0.143
2020,June,CA,Citrus Heights city,0.13
2020,June,CA,Claremont city,0.135
2020,June,CA,Clayton city,0.065
2020,June,CA,Clearlake city,0.25
2020,June,CA,Clearlake Oaks CDP,0.193
2020,June,CA,Clio CDP,0
2020,June,CA,Cloverdale city,0.068
2020,June,CA,Clovis city,0.121
2020,June,CA,Clyde CDP,0.102
2020,June,CA,Coachella city,0.205
2020,June,CA,Coalinga city,0.153
2020,June,CA,Cobb CDP,0.098
2020,June,CA,Colfax city,0.165
2020,June,CA,Colton city,0.141
2020,June,CA,Columbia CDP,0.293
2020,June,CA,Colusa city,0.154
2020,June,CA,Commerce city,0.228
2020,June,CA,Compton city,0.222
2020,June,CA,Concord city,0.134
2020,June,CA,Concow CDP,0.241
2020,June,CA,Copperopolis CDP,0.117
2020,June,CA,Corcoran city,0.236
2020,June,CA,Corning city,0.136
2020,June,CA,Corona city,0.127
2020,June,CA,Coronado city,0.105
2020,June,CA,Corralitos CDP,0.118
2020,June,CA,Corte Madera town,0.128
2020,June,CA,Costa Mesa city,0.124
2020,June,CA,Cotati city,0.123
2020,June,CA,Coto de Caza CDP,0.13
2020,June,CA,Cottonwood CDP,0.11
2020,June,CA,Country Club CDP,0.249
2020,June,CA,Covelo CDP,0.149
2020,June,CA,Covina city,0.197
2020,June,CA,Crescent City city,0.104
2020,June,CA,Crescent Mills CDP,0
2020,June,CA,Crestline CDP,0.089
2020,June,CA,C Road CDP,0.19
2020,June,CA,Crockett CDP,0.186
2020,June,CA,Cromberg CDP,0
2020,June,CA,Cudahy city,0.185
2020,June,CA,Culver City city,0.173
2020,June,CA,Cupertino city,0.073
2020,June,CA,Cutler CDP,0.181
2020,June,CA,Cypress city,0.147
2020,June,CA,Daly City city,0.161
2020,June,CA,Dana Point city,0.12
2020,June,CA,Danville town,0.1
2020,June,CA,Darwin CDP,0
2020,June,CA,Davis city,0.081
2020,June,CA,Day Valley CDP,0.125
2020,June,CA,Deer Park CDP,0.198
2020,June,CA,Del Aire CDP,0.163
2020,June,CA,Delano city,0.316
2020,June,CA,Delhi CDP,0.148
2020,June,CA,Delleker CDP,0
2020,June,CA,Del Mar city,0.103
2020,June,CA,Del Monte Forest CDP,0.164
2020,June,CA,Del Rey CDP,0.181
2020,June,CA,Del Rey Oaks city,0.156
2020,June,CA,Denair CDP,0.139
2020,June,CA,Derby Acres CDP,0.029
2020,June,CA,Desert Hot Springs city,0.226
2020,June,CA,Desert View Highlands CDP,0.285
2020,June,CA,Diablo CDP,0
2020,June,CA,Diamond Bar city,0.174
2020,June,CA,Diamond Springs CDP,0.162
2020,June,CA,Dinuba city,0.225
2020,June,CA,Discovery Bay CDP,0.125
2020,June,CA,Dixon city,0.136
2020,June,CA,Dixon Lane Meadow Creek CDP,0.122
2020,June,CA,Dollar Point CDP,0.076
2020,June,CA,Dorrington CDP,0.135
2020,June,CA,Dos Palos city,0.12
2020,June,CA,Downey city,0.194
2020,June,CA,Duarte city,0.229
2020,June,CA,Dublin city,0.109
2020,June,CA,Ducor CDP,0.158
2020,June,CA,Dunsmuir city,0.078
2020,June,CA,Durham CDP,0.059
2020,June,CA,Dustin Acres CDP,0.082
2020,June,CA,Earlimart CDP,0.25
2020,June,CA,East Foothills CDP,0.067
2020,June,CA,East Hemet CDP,0.217
2020,June,CA,East Los Angeles CDP,0.293
2020,June,CA,East Oakdale CDP,0.128
2020,June,CA,Easton CDP,0.153
2020,June,CA,East Orosi CDP,0.444
2020,June,CA,East Palo Alto city,0.122
2020,June,CA,East Pasadena CDP,0.089
2020,June,CA,East Porterville CDP,0.358
2020,June,CA,East Quincy CDP,0.02
2020,June,CA,East Richmond Heights CDP,0.065
2020,June,CA,East San Gabriel CDP,0.083
2020,June,CA,East Shore CDP,0.804
2020,June,CA,East Sonora CDP,0
2020,June,CA,Eastvale City city,0.135
2020,June,CA,Edwards AFB CDP,0.195
2020,June,CA,El Cajon city,0.178
2020,June,CA,El Centro city,0.245
2020,June,CA,El Cerrito city,0.13
2020,June,CA,El Cerrito CDP,0.094
2020,June,CA,El Dorado Hills CDP,0.104
2020,June,CA,El Granada CDP,0.101
2020,June,CA,Elk Grove CDP,0.127
2020,June,CA,Elkhorn CDP,0.21
2020,June,CA,Elmira CDP,0.117
2020,June,CA,El Monte city,0.217
2020,June,CA,El Paso de Robles (Paso Robles) city,0.115
2020,June,CA,El Rio CDP,0.208
2020,June,CA,El Segundo city,0.224
2020,June,CA,El Sobrante CDP,0.161
2020,June,CA,El Verano CDP,0.054
2020,June,CA,Emeryville city,0.098
2020,June,CA,Empire CDP,0.104
2020,June,CA,Encinitas city,0.11
2020,June,CA,Escalon city,0.088
2020,June,CA,Escondido city,0.131
2020,June,CA,Esparto CDP,0.101
2020,June,CA,Eureka city,0.118
2020,June,CA,Exeter city,0.169
2020,June,CA,Fairfax town,0.092
2020,June,CA,Fairfield city,0.134
2020,June,CA,Fair Oaks CDP,0.094
2020,June,CA,Fairview CDP,0.068
2020,June,CA,Fallbrook CDP,0.13
2020,June,CA,Fall River Mills CDP,0
2020,June,CA,Farmersville city,0.203
2020,June,CA,Farmington CDP,0
2020,June,CA,Fellows CDP,0.176
2020,June,CA,Felton CDP,0.175
2020,June,CA,Ferndale city,0.047
2020,June,CA,Fetters Hot Springs Agua Caliente CDP,0.054
2020,June,CA,Fillmore city,0.11
2020,June,CA,Firebaugh city,0.231
2020,June,CA,Florence Graham CDP,0.25
2020,June,CA,Florin CDP,0.217
2020,June,CA,Folsom city,0.096
2020,June,CA,Fontana city,0.139
2020,June,CA,Foothill Farms CDP,0.142
2020,June,CA,Ford City CDP,0.193
2020,June,CA,Foresthill CDP,0.1
2020,June,CA,Forest Meadows CDP,0.19
2020,June,CA,Forestville CDP,0.133
2020,June,CA,Fort Bragg city,0.121
2020,June,CA,Fortuna city,0.102
2020,June,CA,Foster City city,0.076
2020,June,CA,Fountain Valley city,0.148
2020,June,CA,Fowler city,0.111
2020,June,CA,Frazier Park CDP,0.187
2020,June,CA,Freedom CDP,0.189
2020,June,CA,Fremont city,0.105
2020,June,CA,French Camp CDP,0.169
2020,June,CA,Fresno city,0.145
2020,June,CA,Friant CDP,0.236
2020,June,CA,Fullerton city,0.15
2020,June,CA,Furnace Creek CDP,0.019
2020,June,CA,Galt city,0.121
2020,June,CA,Gardena city,0.214
2020,June,CA,Garden Acres CDP,0.209
2020,June,CA,Garden Grove city,0.187
2020,June,CA,Georgetown CDP,0.256
2020,June,CA,Gilroy city,0.126
2020,June,CA,Glendale city,0.211
2020,June,CA,Glendora city,0.162
2020,June,CA,Glen Ellen CDP,0
2020,June,CA,Golden Hills CDP,0.088
2020,June,CA,Gold River CDP,0.148
2020,June,CA,Goleta City,0.102
2020,June,CA,Gonzales city,0.03
2020,June,CA,Goshen CDP,0.174
2020,June,CA,Graeagle CDP,0.123
2020,June,CA,Grand Terrace city,0.138
2020,June,CA,Granite Bay CDP,0.118
2020,June,CA,Grass Valley city,0.16
2020,June,CA,Graton CDP,0.209
2020,June,CA,Greenfield city,0.124
2020,June,CA,Greenhorn CDP,0.208
2020,June,CA,Green Valley CDP,0
2020,June,CA,Greenville CDP,0.276
2020,June,CA,Gridley city,0.136
2020,June,CA,Grover Beach city,0.142
2020,June,CA,Guadalupe city,0.097
2020,June,CA,Guerneville CDP,0.124
2020,June,CA,Gustine city,0.162
2020,June,CA,Hacienda Heights CDP,0.16
2020,June,CA,Half Moon Bay city,0.085
2020,June,CA,Hamilton Branch CDP,0.23
2020,June,CA,Hamilton City CDP,0.132
2020,June,CA,Hanford city,0.134
2020,June,CA,Hawaiian Gardens city,0.205
2020,June,CA,Hawthorne city,0.228
2020,June,CA,Hayfork CDP,0.026
2020,June,CA,Hayward city,0.158
2020,June,CA,Healdsburg city,0.106
2020,June,CA,Heber CDP,0.282
2020,June,CA,Hemet city,0.177
2020,June,CA,Hercules city,0.135
2020,June,CA,Hermosa Beach city,0.102
2020,June,CA,Hesperia city,0.153
2020,June,CA,Hidden Hills city,0.164
2020,June,CA,Hidden Valley Lake CDP,0.047
2020,June,CA,Highgrove CDP,0.215
2020,June,CA,Highland city,0.144
2020,June,CA,Hillsborough town,0.112
2020,June,CA,Hilmar Irwin CDP,0.055
2020,June,CA,Hollister city,0.149
2020,June,CA,Holtville city,0.297
2020,June,CA,Home Garden CDP,0.225
2020,June,CA,Home Gardens CDP,0.127
2020,June,CA,Homeland CDP,0.158
2020,June,CA,Hughson city,0.116
2020,June,CA,Huntington Beach city,0.133
2020,June,CA,Huntington Park city,0.175
2020,June,CA,Huron city,0.205
2020,June,CA,Hydesville CDP,0.016
2020,June,CA,Idyllwild Pine Cove CDP,0.091
2020,June,CA,Imperial city,0.244
2020,June,CA,Imperial Beach city,0.18
2020,June,CA,Independence CDP,0.069
2020,June,CA,Indian Falls CDP,0
2020,June,CA,Indian Wells city,0.124
2020,June,CA,Indio city,0.178
2020,June,CA,Industry city,0.213
2020,June,CA,Inglewood city,0.242
2020,June,CA,Interlaken CDP,0.139
2020,June,CA,Inverness CDP,0.044
2020,June,CA,Inyokern CDP,0
2020,June,CA,Ione city,0.122
2020,June,CA,Iron Horse CDP,0
2020,June,CA,Irvine city,0.113
2020,June,CA,Irwindale city,0.271
2020,June,CA,Isla Vista CDP,0.24
2020,June,CA,Isleton city,0.129
2020,June,CA,Ivanhoe CDP,0.189
2020,June,CA,Jackson city,0.106
2020,June,CA,Jamestown CDP,0.221
2020,June,CA,Johannesburg CDP,0
2020,June,CA,Johnsville CDP,0
2020,June,CA,Joshua Tree CDP,0.211
2020,June,CA,Jurupa Valley city,0.129
2020,June,CA,Keddie CDP,0.625
2020,June,CA,Keeler CDP,0
2020,June,CA,Keene CDP,0.185
2020,June,CA,Kelseyville CDP,0.097
2020,June,CA,Kennedy CDP,0.24
2020,June,CA,Kensington CDP,0.086
2020,June,CA,Kerman city,0.125
2020,June,CA,Kernville CDP,0
2020,June,CA,Kettleman City CDP,0.204
2020,June,CA,Keyes CDP,0.155
2020,June,CA,King City city,0.082
2020,June,CA,Kings Beach CDP,0.043
2020,June,CA,Kingsburg city,0.102
2020,June,CA,Kirkwood CDP,0.092
2020,June,CA,Klamath CDP,0.196
2020,June,CA,Knightsen CDP,0.077
2020,June,CA,La Canada Flintridge city,0.099
2020,June,CA,La Crescenta Montrose CDP,0.146
2020,June,CA,Ladera Heights CDP,0.232
2020,June,CA,Lafayette city,0.085
2020,June,CA,Laguna Beach city,0.11
2020,June,CA,Laguna Hills city,0.115
2020,June,CA,Laguna Niguel city,0.119
2020,June,CA,Laguna Woods city,0.094
2020,June,CA,La Habra city,0.139
2020,June,CA,La Habra Heights city,0.164
2020,June,CA,Lake Almanor Country Club CDP,0
2020,June,CA,Lake Almanor Peninsula CDP,0
2020,June,CA,Lake Almanor West CDP,0.367
2020,June,CA,Lake Arrowhead CDP,0.145
2020,June,CA,Lake Elsinore city,0.149
2020,June,CA,Lake Forest city,0.107
2020,June,CA,Lake Isabella CDP,0.234
2020,June,CA,Lakeland Village CDP,0.214
2020,June,CA,Lake Los Angeles CDP,0.327
2020,June,CA,Lake Nacimiento CDP,0.099
2020,June,CA,Lake of the Pines CDP,0.184
2020,June,CA,Lake of the Woods CDP,0.172
2020,June,CA,Lakeport city,0.08
2020,June,CA,Lakeside CDP,0.177
2020,June,CA,Lakeview CDP,0.157
2020,June,CA,Lake Wildwood CDP,0.034
2020,June,CA,Lakewood city,0.19
2020,June,CA,La Mesa city,0.142
2020,June,CA,La Mirada city,0.188
2020,June,CA,Lamont CDP,0.161
2020,June,CA,Lanare CDP,0
2020,June,CA,Lancaster city,0.199
2020,June,CA,La Palma city,0.134
2020,June,CA,La Porte CDP,0
2020,June,CA,La Puente city,0.198
2020,June,CA,La Quinta city,0.163
2020,June,CA,La Riviera CDP,0.118
2020,June,CA,Larkspur city,0.08
2020,June,CA,Las Flores CDP,0.047
2020,June,CA,Las Lomas CDP,0.176
2020,June,CA,Lathrop city,0.12
2020,June,CA,Laton CDP,0.171
2020,June,CA,La Verne city,0.16
2020,June,CA,Lawndale city,0.23
2020,June,CA,Laytonville CDP,0.276
2020,June,CA,Lebec CDP,0.281
2020,June,CA,Le Grand CDP,0.201
2020,June,CA,Lemon Cove CDP,0.058
2020,June,CA,Lemon Grove city,0.17
2020,June,CA,Lemoore city,0.126
2020,June,CA,Lemoore Station CDP,0.111
2020,June,CA,Lennox CDP,0.203
2020,June,CA,Lenwood CDP,0.039
2020,June,CA,Lewiston CDP,0.094
2020,June,CA,Lincoln city,0.114
2020,June,CA,Lincoln Village CDP,0.143
2020,June,CA,Linda CDP,0.192
2020,June,CA,Linden CDP,0.064
2020,June,CA,Lindsay city,0.231
2020,June,CA,Little Grass Valley CDP,0
2020,June,CA,Littlerock CDP,0.355
2020,June,CA,Live Oak CDP,0.09
2020,June,CA,Live Oak city,0.132
2020,June,CA,Livermore city,0.112
2020,June,CA,Livingston city,0.081
2020,June,CA,Lockeford CDP,0.171
2020,June,CA,Lodi city,0.133
2020,June,CA,Loma Linda city,0.092
2020,June,CA,Loma Rica CDP,0.051
2020,June,CA,Lomita city,0.178
2020,June,CA,Lompoc city,0.15
2020,June,CA,London CDP,0.243
2020,June,CA,Lone Pine CDP,0.118
2020,June,CA,Long Beach city,0.196
2020,June,CA,Loomis town,0.131
2020,June,CA,Los Alamitos city,0.142
2020,June,CA,Los Alamos CDP,0.118
2020,June,CA,Los Altos city,0.059
2020,June,CA,Los Angeles city,0.2
2020,June,CA,Los Banos city,0.2
2020,June,CA,Los Gatos town,0.086
2020,June,CA,Los Molinos CDP,0.116
2020,June,CA,Lost Hills CDP,0.067
2020,June,CA,Lower Lake CDP,0.129
2020,June,CA,Loyalton city,0.117
2020,June,CA,Lucerne CDP,0.08
2020,June,CA,Lynwood city,0.208
2020,June,CA,McCloud CDP,0.199
2020,June,CA,McFarland city,0.216
2020,June,CA,McKinleyville CDP,0.087
2020,June,CA,McKittrick CDP,0
2020,June,CA,Madera city,0.135
2020,June,CA,Madera Acres CDP,0.1
2020,June,CA,Magalia CDP,0.09
2020,June,CA,Malibu city,0.13
2020,June,CA,Mammoth Lakes town,0.027
2020,June,CA,Manhattan Beach city,0.112
2020,June,CA,Manteca city,0.15
2020,June,CA,Manton CDP,0.112
2020,June,CA,March AFB CDP,0.046
2020,June,CA,Maricopa city,0.23
2020,June,CA,Marina city,0.175
2020,June,CA,Marina del Rey CDP,0.127
2020,June,CA,Mariposa CDP,0.08
2020,June,CA,Markleeville CDP,0
2020,June,CA,Martinez city,0.119
2020,June,CA,Marysville city,0.13
2020,June,CA,Mayflower Village CDP,0.135
2020,June,CA,Maywood city,0.168
2020,June,CA,Meadow Valley CDP,0.382
2020,June,CA,Meadow Vista CDP,0.074
2020,June,CA,Mecca CDP,0.159
2020,June,CA,Meiners Oaks CDP,0.093
2020,June,CA,Mendocino CDP,0
2020,June,CA,Mendota city,0.306
2020,June,CA,Menifee City,0.153
2020,June,CA,Menlo Park city,0.06
2020,June,CA,Mentone CDP,0.12
2020,June,CA,Merced city,0.157
2020,June,CA,Mesa CDP,0.117
2020,June,CA,Mesa Vista CDP,0.411
2020,June,CA,Mettler CDP,0.316
2020,June,CA,Middletown CDP,0.178
2020,June,CA,Millbrae city,0.106
2020,June,CA,Mill Valley city,0.067
2020,June,CA,Milpitas city,0.122
2020,June,CA,Mineral CDP,0.194
2020,June,CA,Mira Monte CDP,0.147
2020,June,CA,Mission Canyon CDP,0.033
2020,June,CA,Mission Hills CDP,0.204
2020,June,CA,Mission Viejo city,0.123
2020,June,CA,Mi Wuk Village CDP,0.277
2020,June,CA,Modesto city,0.156
2020,June,CA,Mohawk Vista CDP,0
2020,June,CA,Mojave CDP,0.351
2020,June,CA,Mokelumne Hill CDP,0.274
2020,June,CA,Mono Vista CDP,0.021
2020,June,CA,Monrovia city,0.167
2020,June,CA,Montclair city,0.136
2020,June,CA,Montebello city,0.208
2020,June,CA,Montecito CDP,0.167
2020,June,CA,Monterey city,0.159
2020,June,CA,Monterey Park city,0.252
2020,June,CA,Monte Rio CDP,0.381
2020,June,CA,Moorpark city,0.117
2020,June,CA,Morada CDP,0
2020,June,CA,Moraga town,0.086
2020,June,CA,Moreno Valley city,0.149
2020,June,CA,Morgan Hill city,0.111
2020,June,CA,Morongo Valley CDP,0.128
2020,June,CA,Morro Bay city,0.173
2020,June,CA,Moss Landing CDP,0
2020,June,CA,Mountain Mesa CDP,0.157
2020,June,CA,Mountain Ranch CDP,0.184
2020,June,CA,Mountain View CDP,0.242
2020,June,CA,Mountain View city,0.059
2020,June,CA,Mountain View Acres CDP,0.215
2020,June,CA,Mount Shasta city,0.033
2020,June,CA,Murphys CDP,0.119
2020,June,CA,Murrieta city,0.14
2020,June,CA,Muscoy CDP,0.265
2020,June,CA,Napa city,0.134
2020,June,CA,National City city,0.184
2020,June,CA,Needles city,0.098
2020,June,CA,Nevada City city,0.111
2020,June,CA,Newark city,0.128
2020,June,CA,Newman city,0.191
2020,June,CA,Newport Beach city,0.104
2020,June,CA,Nice CDP,0.092
2020,June,CA,Nipomo CDP,0.162
2020,June,CA,Norco city,0.123
2020,June,CA,North Auburn CDP,0.092
2020,June,CA,North Edwards CDP,0.252
2020,June,CA,North El Monte CDP,0.108
2020,June,CA,North Fair Oaks CDP,0.08
2020,June,CA,North Highlands CDP,0.115
2020,June,CA,North Lakeport CDP,0.056
2020,June,CA,Norwalk city,0.204
2020,June,CA,Novato city,0.105
2020,June,CA,Nuevo CDP,0.141
2020,June,CA,Oakdale city,0.182
2020,June,CA,Oakhurst CDP,0.13
2020,June,CA,Oakland city,0.157
2020,June,CA,Oakley city,0.146
2020,June,CA,Oak Park CDP,0.146
2020,June,CA,Oak View CDP,0.13
2020,June,CA,Occidental CDP,0
2020,June,CA,Oceano CDP,0.149
2020,June,CA,Oceanside city,0.149
2020,June,CA,Oildale CDP,0.245
2020,June,CA,Ojai city,0.099
2020,June,CA,Olancha CDP,0.175
2020,June,CA,Olivehurst CDP,0.186
2020,June,CA,Ontario city,0.137
2020,June,CA,Onyx CDP,0
2020,June,CA,Orange city,0.126
2020,June,CA,Orange Cove city,0.214
2020,June,CA,Orangevale CDP,0.098
2020,June,CA,Orcutt CDP,0.124
2020,June,CA,Orinda city,0.081
2020,June,CA,Orland city,0.132
2020,June,CA,Oroville city,0.127
2020,June,CA,Oroville East CDP,0.095
2020,June,CA,Oxnard city,0.127
2020,June,CA,Pacheco CDP,0.217
2020,June,CA,Pacifica city,0.115
2020,June,CA,Pacific Grove city,0.119
2020,June,CA,Pajaro CDP,0.444
2020,June,CA,Palermo CDP,0.225
2020,June,CA,Palmdale city,0.21
2020,June,CA,Palm Desert city,0.172
2020,June,CA,Palm Springs city,0.168
2020,June,CA,Palo Alto city,0.057
2020,June,CA,Palos Verdes Estates city,0.103
2020,June,CA,Paradise town,0.043
2020,June,CA,Paramount city,0.203
2020,June,CA,Parksdale CDP,0.143
2020,June,CA,Parkwood CDP,0.183
2020,June,CA,Parlier city,0.156
2020,June,CA,Pasadena city,0.162
2020,June,CA,Patterson city,0.139
2020,June,CA,Paxton CDP,0
2020,June,CA,Penn Valley CDP,0.201
2020,June,CA,Perris city,0.154
2020,June,CA,Petaluma city,0.109
2020,June,CA,Pico Rivera city,0.197
2020,June,CA,Piedmont city,0.082
2020,June,CA,Pine Mountain Club CDP,0.125
2020,June,CA,Pinole city,0.132
2020,June,CA,Piru CDP,0.19
2020,June,CA,Pismo Beach city,0.067
2020,June,CA,Pittsburg city,0.168
2020,June,CA,Pixley CDP,0.3
2020,June,CA,Placentia city,0.135
2020,June,CA,Placerville city,0.101
2020,June,CA,Planada CDP,0.193
2020,June,CA,Pleasant Hill city,0.117
2020,June,CA,Pleasanton city,0.097
2020,June,CA,Plumas Eureka CDP,0.168
2020,June,CA,Plymouth city,0.099
2020,June,CA,Point Arena city,0.1
2020,June,CA,Point Reyes Station CDP,0
2020,June,CA,Pollock Pines CDP,0.125
2020,June,CA,Pomona city,0.191
2020,June,CA,Poplar Cotton Center CDP,0.461
2020,June,CA,Port Costa CDP,0
2020,June,CA,Porterville city,0.196
2020,June,CA,Port Hueneme city,0.124
2020,June,CA,Portola city,0.04
2020,June,CA,Poway city,0.098
2020,June,CA,Prattville CDP,0
2020,June,CA,Prunedale CDP,0.161
2020,June,CA,Quartz Hill CDP,0.198
2020,June,CA,Quincy CDP,0.065
2020,June,CA,Raisin City CDP,0.156
2020,June,CA,Ramona CDP,0.12
2020,June,CA,Rancho Calaveras CDP,0.097
2020,June,CA,Rancho Cordova City,0.133
2020,June,CA,Rancho Cucamonga city,0.122
2020,June,CA,Rancho Mirage city,0.114
2020,June,CA,Rancho Murieta CDP,0.064
2020,June,CA,Rancho Palos Verdes city,0.132
2020,June,CA,Rancho Santa Margarita city,0.112
2020,June,CA,Rancho Tehama Reserve CDP,0.183
2020,June,CA,Randsburg CDP,0
2020,June,CA,Red Bluff city,0.13
2020,June,CA,Redding city,0.116
2020,June,CA,Redlands city,0.11
2020,June,CA,Redondo Beach city,0.152
2020,June,CA,Redway CDP,0.125
2020,June,CA,Redwood City city,0.081
2020,June,CA,Reedley city,0.179
2020,June,CA,Rialto city,0.149
2020,June,CA,Richgrove CDP,0.511
2020,June,CA,Richmond city,0.163
2020,June,CA,Ridgecrest city,0.074
2020,June,CA,Ridgemark CDP,0.083
2020,June,CA,Rio Dell city,0.157
2020,June,CA,Rio del Mar CDP,0.096
2020,June,CA,Rio Linda CDP,0.108
2020,June,CA,Rio Vista city,0.166
2020,June,CA,Ripon city,0.095
2020,June,CA,Riverbank city,0.121
2020,June,CA,Riverdale CDP,0.066
2020,June,CA,Riverside city,0.134
2020,June,CA,Rocklin city,0.109
2020,June,CA,Rodeo CDP,0.152
2020,June,CA,Rohnert Park city,0.131
2020,June,CA,Rolling Hills city,0.179
2020,June,CA,Rolling Hills Estates city,0.153
2020,June,CA,Rollingwood CDP,0.18
2020,June,CA,Romoland CDP,0.143
2020,June,CA,Rosamond CDP,0.205
2020,June,CA,Rosedale CDP,0.107
2020,June,CA,Rosemead city,0.274
2020,June,CA,Rosemont CDP,0.136
2020,June,CA,Roseville city,0.115
2020,June,CA,Rossmoor CDP,0.116
2020,June,CA,Round Valley CDP,0
2020,June,CA,Rowland Heights CDP,0.146
2020,June,CA,Running Springs CDP,0.184
2020,June,CA,Sacramento city,0.14
2020,June,CA,St. Helena city,0.061
2020,June,CA,Salida CDP,0.137
2020,June,CA,Salinas city,0.149
2020,June,CA,San Andreas CDP,0.048
2020,June,CA,San Anselmo town,0.137
2020,June,CA,San Antonio Heights CDP,0.037
2020,June,CA,San Ardo CDP,0.04
2020,June,CA,San Bernardino city,0.164
2020,June,CA,San Bruno city,0.131
2020,June,CA,San Buenaventura (Ventura) city,0.127
2020,June,CA,San Carlos city,0.075
2020,June,CA,San Clemente city,0.121
2020,June,CA,Sand City city,0.099
2020,June,CA,San Diego city,0.137
2020,June,CA,San Dimas city,0.163
2020,June,CA,San Fernando city,0.187
2020,June,CA,San Francisco city,0.125
2020,June,CA,San Gabriel city,0.23
2020,June,CA,Sanger city,0.154
2020,June,CA,San Jacinto city,0.163
2020,June,CA,San Joaquin city,0.225
2020,June,CA,San Jose city,0.124
2020,June,CA,San Juan Bautista city,0.08
2020,June,CA,San Juan Capistrano city,0.117
2020,June,CA,San Leandro city,0.169
2020,June,CA,San Lorenzo CDP,0.14
2020,June,CA,San Lucas CDP,0.242
2020,June,CA,San Luis Obispo city,0.121
2020,June,CA,San Marcos city,0.127
2020,June,CA,San Marino city,0.111
2020,June,CA,San Martin CDP,0.092
2020,June,CA,San Mateo city,0.095
2020,June,CA,San Miguel CDP,0.225
2020,June,CA,San Pablo city,0.169
2020,June,CA,San Rafael city,0.103
2020,June,CA,San Ramon city,0.108
2020,June,CA,Santa Ana city,0.137
2020,June,CA,Santa Barbara city,0.115
2020,June,CA,Santa Clara city,0.09
2020,June,CA,Santa Clarita city,0.186
2020,June,CA,Santa Cruz city,0.127
2020,June,CA,Santa Fe Springs city,0.124
2020,June,CA,Santa Maria city,0.12
2020,June,CA,Santa Monica city,0.169
2020,June,CA,Santa Paula city,0.129
2020,June,CA,Santa Rosa city,0.122
2020,June,CA,Santa Ynez CDP,0.123
2020,June,CA,Santee city,0.121
2020,June,CA,Saratoga city,0.068
2020,June,CA,Sausalito city,0.102
2020,June,CA,Scotts Valley city,0.078
2020,June,CA,Seal Beach city,0.125
2020,June,CA,Searles Valley CDP,0.237
2020,June,CA,Seaside city,0.177
2020,June,CA,Sebastopol city,0.191
2020,June,CA,Selma city,0.11
2020,June,CA,Shafter city,0.236
2020,June,CA,Shandon CDP,0.132
2020,June,CA,Shasta Lake city,0.136
2020,June,CA,Shaver Lake CDP,0.019
2020,June,CA,Shingle Springs CDP,0.033
2020,June,CA,Shingletown CDP,0.148
2020,June,CA,Shoshone CDP,0
2020,June,CA,Sierra Madre city,0.197
2020,June,CA,Signal Hill city,0.184
2020,June,CA,Simi Valley city,0.132
2020,June,CA,Solana Beach city,0.078
2020,June,CA,Soledad city,0.147
2020,June,CA,Solvang city,0.069
2020,June,CA,Sonoma city,0.095
2020,June,CA,Sonora city,0.139
2020,June,CA,Soquel CDP,0.105
2020,June,CA,Soulsbyville CDP,0.134
2020,June,CA,South Dos Palos CDP,0.297
2020,June,CA,South El Monte city,0.191
2020,June,CA,South Gate city,0.2
2020,June,CA,South Lake Tahoe city,0.143
2020,June,CA,South Oroville CDP,0.117
2020,June,CA,South Pasadena city,0.158
2020,June,CA,South San Francisco city,0.144
2020,June,CA,South San Gabriel CDP,0.207
2020,June,CA,South San Jose Hills CDP,0.257
2020,June,CA,South Taft CDP,0.358
2020,June,CA,South Whittier CDP,0.17
2020,June,CA,Spreckels CDP,0
2020,June,CA,Spring Garden CDP,0
2020,June,CA,Spring Valley CDP,0.187
2020,June,CA,Springville CDP,0.088
2020,June,CA,Squaw Valley CDP,0.122
2020,June,CA,Squirrel Mountain Valley CDP,0.376
2020,June,CA,Stallion Springs CDP,0.268
2020,June,CA,Stanton city,0.165
2020,June,CA,Stockton city,0.173
2020,June,CA,Stratford CDP,0.185
2020,June,CA,Strathmore CDP,0.315
2020,June,CA,Suisun City city,0.14
2020,June,CA,Summerland CDP,0.117
2020,June,CA,Sunnyside Tahoe City CDP,0.166
2020,June,CA,Sunnyvale city,0.077
2020,June,CA,Sunol CDP,0.13
2020,June,CA,Susanville city,0.091
2020,June,CA,Sutter CDP,0.114
2020,June,CA,Sutter Creek city,0.068
2020,June,CA,Taft city,0.115
2020,June,CA,Taft Heights CDP,0.165
2020,June,CA,Taft Mosswood CDP,0.168
2020,June,CA,Tahoe Vista CDP,0.024
2020,June,CA,Tamalpais Homestead Valley CDP,0.127
2020,June,CA,Tara Hills CDP,0.139
2020,June,CA,Taylorsville CDP,0.653
2020,June,CA,Tecopa CDP,0.614
2020,June,CA,Tehachapi city,0.12
2020,June,CA,Tehama city,0.119
2020,June,CA,Temecula city,0.14
2020,June,CA,Temple City city,0.216
2020,June,CA,Templeton CDP,0.056
2020,June,CA,Terra Bella CDP,0.38
2020,June,CA,Thermalito CDP,0.189
2020,June,CA,Thousand Oaks city,0.123
2020,June,CA,Thousand Palms CDP,0.105
2020,June,CA,Three Rivers CDP,0.107
2020,June,CA,Tipton CDP,0.29
2020,June,CA,Tobin CDP,0
2020,June,CA,Tomales CDP,0
2020,June,CA,Toro Canyon CDP,0.041
2020,June,CA,Torrance city,0.165
2020,June,CA,Tracy city,0.157
2020,June,CA,Tranquillity CDP,0
2020,June,CA,Traver CDP,0.093
2020,June,CA,Trinidad city,0.078
2020,June,CA,Truckee town,0.1
2020,June,CA,Tulare city,0.146
2020,June,CA,Tuolumne City CDP,0
2020,June,CA,Tupman CDP,0.352
2020,June,CA,Turlock city,0.13
2020,June,CA,Tustin city,0.127
2020,June,CA,Twain CDP,0
2020,June,CA,Twain Harte CDP,0.101
2020,June,CA,Twentynine Palms city,0.123
2020,June,CA,Twin Lakes CDP,0.107
2020,June,CA,Ukiah city,0.153
2020,June,CA,Union City city,0.134
2020,June,CA,Upland city,0.134
2020,June,CA,Upper Lake CDP,0.145
2020,June,CA,Vacaville city,0.12
2020,June,CA,Valinda CDP,0.204
2020,June,CA,Vallejo city,0.16
2020,June,CA,Valle Vista CDP,0.158
2020,June,CA,Valley Acres CDP,0.349
2020,June,CA,Valley Center CDP,0.117
2020,June,CA,Valley Ranch CDP,0
2020,June,CA,Valley Springs CDP,0.074
2020,June,CA,Val Verde CDP,0.304
2020,June,CA,Vandenberg AFB CDP,0.138
2020,June,CA,Vandenberg Village CDP,0.088
2020,June,CA,Vernon city,0.114
2020,June,CA,Victorville city,0.165
2020,June,CA,View Park Windsor Hills CDP,0.312
2020,June,CA,Villa Park city,0.147
2020,June,CA,Vine Hill CDP,0.08
2020,June,CA,Vineyard CDP,0.116
2020,June,CA,Visalia city,0.145
2020,June,CA,Vista city,0.147
2020,June,CA,Walnut city,0.164
2020,June,CA,Walnut Creek city,0.105
2020,June,CA,Walnut Grove CDP,0.253
2020,June,CA,Walnut Park CDP,0.202
2020,June,CA,Wasco city,0.208
2020,June,CA,Waterford city,0.186
2020,June,CA,Watsonville city,0.149
2020,June,CA,Weaverville CDP,0.124
2020,June,CA,Weed city,0.155
2020,June,CA,Weedpatch CDP,0.189
2020,June,CA,Weldon CDP,0.234
2020,June,CA,West Athens CDP,0.249
2020,June,CA,West Bishop CDP,0.076
2020,June,CA,West Carson CDP,0.167
2020,June,CA,West Covina city,0.202
2020,June,CA,West Hollywood city,0.22
2020,June,CA,Westlake Village city,0.112
2020,June,CA,West Menlo Park CDP,0.135
2020,June,CA,Westminster city,0.189
2020,June,CA,West Modesto CDP,0.327
2020,June,CA,Westmont CDP,0.262
2020,June,CA,Westmorland city,0.241
2020,June,CA,West Point CDP,0
2020,June,CA,West Puente Valley CDP,0.274
2020,June,CA,West Sacramento city,0.128
2020,June,CA,West Whittier Los Nietos CDP,0.138
2020,June,CA,Westwood CDP,0.029
2020,June,CA,Wheatland city,0.157
2020,June,CA,Whitehawk CDP,0
2020,June,CA,Whittier city,0.185
2020,June,CA,Wildomar city,0.136
2020,June,CA,Wilkerson CDP,0.127
2020,June,CA,Williams city,0.123
2020,June,CA,Willits city,0.09
2020,June,CA,Willowbrook CDP,0.268
2020,June,CA,Willow Creek CDP,0
2020,June,CA,Willows city,0.153
2020,June,CA,Wilton CDP,0.076
2020,June,CA,Winchester CDP,0.167
2020,June,CA,Windsor town,0.109
2020,June,CA,Winters city,0.111
2020,June,CA,Winton CDP,0.249
2020,June,CA,Wofford Heights CDP,0.177
2020,June,CA,Woodcrest CDP,0.079
2020,June,CA,Woodlake city,0.154
2020,June,CA,Woodland city,0.112
2020,June,CA,Woodville CDP,0.239
2020,June,CA,Wrightwood CDP,0.1
2020,June,CA,Yorba Linda city,0.112
2020,June,CA,Yosemite Lakes CDP,0.14
2020,June,CA,Yosemite Valley CDP,0.065
2020,June,CA,Yountville town,0.15
2020,June,CA,Yreka city,0.131
2020,June,CA,Yuba City city,0.156
2020,June,CA,Yucaipa city,0.117
2020,June,CA,Yucca Valley town,0.184
2020,July,CA,Alameda County,0.12
2020,July,CA,Alpine County,0.141
2020,July,CA,Amador County,0.119
2020,July,CA,Butte County,0.111
2020,July,CA,Calaveras County,0.096
2020,July,CA,Colusa County,0.153
2020,July,CA,Contra Costa County,0.12
2020,July,CA,Del Norte County,0.113
2020,July,CA,El Dorado County,0.103
2020,July,CA,Fresno County,0.135
2020,July,CA,Glenn County,0.108
2020,July,CA,Humboldt County,0.102
2020,July,CA,Imperial County,0.268
2020,July,CA,Inyo County,0.094
2020,July,CA,Kern County,0.165
2020,July,CA,Kings County,0.131
2020,July,CA,Lake County,0.116
2020,July,CA,Lassen County,0.086
2020,July,CA,Los Angeles County,0.182
2020,July,CA,Los Angeles County,0.175
2020,July,CA,Madera County,0.13
2020,July,CA,Marin County,0.088
2020,July,CA,Mariposa County,0.108
2020,July,CA,Mendocino County,0.109
2020,July,CA,Merced County,0.145
2020,July,CA,Modoc County,0.088
2020,July,CA,Mono County,0.166
2020,July,CA,Monterey County,0.121
2020,July,CA,Napa County,0.104
2020,July,CA,Nevada County,0.106
2020,July,CA,Orange County,0.123
2020,July,CA,Placer County,0.098
2020,July,CA,Plumas County,0.114
2020,July,CA,Riverside County,0.137
2020,July,CA,Sacramento County,0.125
2020,July,CA,San Benito County,0.119
2020,July,CA,San Bernardino County,0.131
2020,July,CA,San Diego County,0.123
2020,July,CA,San Francisco County,0.109
2020,July,CA,San Joaquin County,0.148
2020,July,CA,San Luis Obispo County,0.099
2020,July,CA,San Mateo County,0.092
2020,July,CA,Santa Barbara County,0.1
2020,July,CA,Santa Clara County,0.093
2020,July,CA,Santa Cruz County,0.112
2020,July,CA,Shasta County,0.105
2020,July,CA,Sierra County,0.093
2020,July,CA,Siskiyou County,0.112
2020,July,CA,Solano County,0.124
2020,July,CA,Sonoma County,0.098
2020,July,CA,Stanislaus County,0.136
2020,July,CA,Sutter County,0.135
2020,July,CA,Tehama County,0.11
2020,July,CA,Trinity County,0.086
2020,July,CA,Tulare County,0.162
2020,July,CA,Tuolumne County,0.126
2020,July,CA,Ventura County,0.113
2020,July,CA,Yolo County,0.095
2020,July,CA,Yuba County,0.135
2020,July,CA,Anaheim-Santa Ana-Irvine MD,0.123
2020,July,CA,Bakersfield MSA,0.165
2020,July,CA,Chico MSA,0.111
2020,July,CA,El Centro MSA,0.268
2020,July,CA,Fresno MSA,0.135
2020,July,CA,Hanford-Corcoran MSA,0.131
2020,July,CA,Los Angeles-Long Beach-Glendale MD,0.182
2020,July,CA,Los Angeles-Long Beach-Glendale MD,0.175
2020,July,CA,Madera MSA,0.13
2020,July,CA,Merced MSA,0.145
2020,July,CA,Modesto MSA,0.136
2020,July,CA,Napa MSA,0.104
2020,July,CA,Oakland-Hayward-Berkeley MD,0.12
2020,July,CA,Oxnard-Thousand Oaks-Ventura MSA,0.113
2020,July,CA,Redding MSA,0.105
2020,July,CA,Riverside-San Bernardino-Ontario MSA,0.134
2020,July,CA,Sacramento--Roseville--Arden-Arcade MSA,0.115
2020,July,CA,Salinas MSA,0.121
2020,July,CA,San Diego-Carlsbad MSA,0.123
2020,July,CA,San Francisco-Redwood City-South San Francisco MD,0.102
2020,July,CA,San Jose-Sunnyvale-Santa Clara MSA,0.094
2020,July,CA,San Luis Obispo-Paso Robles-Arroyo Grande MSA,0.099
2020,July,CA,San Rafael MD,0.088
2020,July,CA,Santa Cruz-Watsonville MSA,0.112
2020,July,CA,Santa Maria-Santa Barbara MSA,0.1
2020,July,CA,Santa Rosa MSA,0.098
2020,July,CA,Stockton-Lodi MSA,0.148
2020,July,CA,Vallejo-Fairfield MSA,0.124
2020,July,CA,Visalia-Porterville MSA,0.162
2020,July,CA,Yuba City MSA,0.135
2020,July,CA,Acton CDP,0.141
2020,July,CA,Adelanto city,0.206
2020,July,CA,Agoura Hills city,0.148
2020,July,CA,Alameda city,0.119
2020,July,CA,Alamo CDP,0.072
2020,July,CA,Albany city,0.102
2020,July,CA,Alhambra city,0.199
2020,July,CA,Aliso Viejo city,0.101
2020,July,CA,Alondra Park CDP,0.24
2020,July,CA,Alpaugh CDP,0.329
2020,July,CA,Alpine Village CDP,0
2020,July,CA,Altadena CDP,0.14
2020,July,CA,Alta Sierra CDP,0.056
2020,July,CA,Alturas city,0.1
2020,July,CA,Amador City city,0.149
2020,July,CA,American Canyon city,0.134
2020,July,CA,Anaheim city,0.15
2020,July,CA,Anderson city,0.097
2020,July,CA,Angels City city,0.003
2020,July,CA,Angwin CDP,0.096
2020,July,CA,Antioch city,0.158
2020,July,CA,Apple Valley town,0.126
2020,July,CA,Aptos CDP,0.04
2020,July,CA,Aptos Hills Larkin Valley CDP,0.172
2020,July,CA,Arbuckle CDP,0.194
2020,July,CA,Arcadia city,0.15
2020,July,CA,Arcata city,0.152
2020,July,CA,Arden Arcade CDP,0.158
2020,July,CA,Armona CDP,0.168
2020,July,CA,Arnold CDP,0.122
2020,July,CA,Aromas CDP (Monterey Co),0.091
2020,July,CA,Arroyo Grande city,0.087
2020,July,CA,Artesia city,0.152
2020,July,CA,Arvin city,0.157
2020,July,CA,Ashland CDP,0.181
2020,July,CA,Atascadero city,0.093
2020,July,CA,Atherton town,0.101
2020,July,CA,Atwater city,0.151
2020,July,CA,Auberry CDP,0.083
2020,July,CA,Auburn city,0.106
2020,July,CA,August CDP,0.267
2020,July,CA,Avalon city,0.019
2020,July,CA,Avenal city,0.201
2020,July,CA,Avery CDP,0.195
2020,July,CA,Avocado Heights CDP,0.217
2020,July,CA,Azusa city,0.16
2020,July,CA,Bakersfield city,0.162
2020,July,CA,Baldwin Park city,0.191
2020,July,CA,Banning city,0.161
2020,July,CA,Barstow city,0.172
2020,July,CA,Bay Point CDP,0.199
2020,July,CA,Beale AFB CDP,0.188
2020,July,CA,Bear Valley CDP,0
2020,July,CA,Bear Valley Springs CDP,0.087
2020,July,CA,Beaumont city,0.123
2020,July,CA,Beckwourth CDP,0
2020,July,CA,Belden CDP,0
2020,July,CA,Bell city,0.183
2020,July,CA,Bellflower city,0.201
2020,July,CA,Bell Gardens city,0.176
2020,July,CA,Belmont city,0.07
2020,July,CA,Benicia city,0.1
2020,July,CA,Ben Lomond CDP,0.053
2020,July,CA,Berkeley city,0.091
2020,July,CA,Bermuda Dunes CDP,0.123
2020,July,CA,Bertsch Oceanview CDP,0.262
2020,July,CA,Bethel Island CDP,0.092
2020,July,CA,Beverly Hills city,0.147
2020,July,CA,Big Bear City CDP,0.081
2020,July,CA,Big Bear Lake city,0.052
2020,July,CA,Biggs city,0.066
2020,July,CA,Big Pine CDP,0.122
2020,July,CA,Big River CDP,0.194
2020,July,CA,Biola CDP,0.35
2020,July,CA,Bishop city,0.081
2020,July,CA,Bloomington CDP,0.144
2020,July,CA,Blue Lake city,0.102
2020,July,CA,Bluewater CDP,0.206
2020,July,CA,Blythe city,0.142
2020,July,CA,Bodega Bay CDP,0.07
2020,July,CA,Bodfish CDP,0.177
2020,July,CA,Bonadelle Ranchos Madera Ranchos CDP,0.092
2020,July,CA,Bonita CDP,0.18
2020,July,CA,Bootjack CDP,0.158
2020,July,CA,Boron CDP,0.11
2020,July,CA,Boronda CDP,0.492
2020,July,CA,Bostonia CDP,0.218
2020,July,CA,Boulder Creek CDP,0.136
2020,July,CA,Boyes Hot Springs CDP,0.065
2020,July,CA,Bradbury city,0.062
2020,July,CA,Bradley CDP,0
2020,July,CA,Brawley city,0.211
2020,July,CA,Brea city,0.124
2020,July,CA,Brentwood city,0.119
2020,July,CA,Bret Harte CDP,0.258
2020,July,CA,Brisbane city,0.096
2020,July,CA,Broadmoor CDP,0.173
2020,July,CA,Bucks Lake CDP,0
2020,July,CA,Buellton city,0.043
2020,July,CA,Buena Park city,0.154
2020,July,CA,Burbank city,0.209
2020,July,CA,Burlingame city,0.078
2020,July,CA,Burney CDP,0.11
2020,July,CA,Buttonwillow CDP,0.172
2020,July,CA,Byron CDP,0.211
2020,July,CA,Bystrom CDP,0.143
2020,July,CA,Cabazon CDP,0.116
2020,July,CA,Calabasas city,0.118
2020,July,CA,Calexico city,0.387
2020,July,CA,California City city,0.303
2020,July,CA,Calimesa city,0.136
2020,July,CA,Calipatria city,0.327
2020,July,CA,Calistoga city,0.136
2020,July,CA,Calwa CDP,0.234
2020,July,CA,Camarillo city,0.102
2020,July,CA,Cambria CDP,0.126
2020,July,CA,Cameron Park CDP,0.095
2020,July,CA,Campbell city,0.083
2020,July,CA,Cantua Creek CDP,0.127
2020,July,CA,Canyondam CDP,0.762
2020,July,CA,Canyon Lake city,0.072
2020,July,CA,Capitola city,0.034
2020,July,CA,Carlsbad city,0.11
2020,July,CA,Carmel by the Sea city,0.004
2020,July,CA,Carmel Valley Village CDP,0.177
2020,July,CA,Carmichael CDP,0.124
2020,July,CA,Carpinteria city,0.084
2020,July,CA,Carson city,0.185
2020,July,CA,Cartago CDP,0
2020,July,CA,Caruthers CDP,0.131
2020,July,CA,Casa Conejo CDP,0.172
2020,July,CA,Casa de Oro Mount Helix CDP,0.117
2020,July,CA,Castro Valley CDP,0.11
2020,July,CA,Castroville CDP,0.215
2020,July,CA,Cathedral City city,0.165
2020,July,CA,Cayucos CDP,0.097
2020,July,CA,Ceres city,0.143
2020,July,CA,Cerritos city,0.156
2020,July,CA,Challenge Brownsville CDP,0
2020,July,CA,Channel Islands Beach CDP,0.277
2020,July,CA,Charter Oak CDP,0.213
2020,July,CA,Cherryland CDP,0.202
2020,July,CA,Cherry Valley CDP,0.086
2020,July,CA,Chester CDP,0.095
2020,July,CA,Chico city,0.114
2020,July,CA,Chilcoot Vinton CDP,1
2020,July,CA,China Lake Acres CDP,0.142
2020,July,CA,Chinese Camp CDP,0
2020,July,CA,Chino city,0.13
2020,July,CA,Chino Hills city,0.108
2020,July,CA,Chowchilla city,0.116
2020,July,CA,Chualar CDP,0.133
2020,July,CA,Chula Vista city,0.14
2020,July,CA,Citrus CDP,0.132
2020,July,CA,Citrus Heights city,0.118
2020,July,CA,Claremont city,0.13
2020,July,CA,Clayton city,0.058
2020,July,CA,Clearlake city,0.209
2020,July,CA,Clearlake Oaks CDP,0.16
2020,July,CA,Clio CDP,0
2020,July,CA,Cloverdale city,0.056
2020,July,CA,Clovis city,0.115
2020,July,CA,Clyde CDP,0.09
2020,July,CA,Coachella city,0.19
2020,July,CA,Coalinga city,0.142
2020,July,CA,Cobb CDP,0.08
2020,July,CA,Colfax city,0.145
2020,July,CA,Colton city,0.136
2020,July,CA,Columbia CDP,0.262
2020,July,CA,Colusa city,0.128
2020,July,CA,Commerce city,0.212
2020,July,CA,Compton city,0.216
2020,July,CA,Concord city,0.118
2020,July,CA,Concow CDP,0.223
2020,July,CA,Copperopolis CDP,0.103
2020,July,CA,Corcoran city,0.207
2020,July,CA,Corning city,0.127
2020,July,CA,Corona city,0.118
2020,July,CA,Coronado city,0.091
2020,July,CA,Corralitos CDP,0.1
2020,July,CA,Corte Madera town,0.111
2020,July,CA,Costa Mesa city,0.111
2020,July,CA,Cotati city,0.103
2020,July,CA,Coto de Caza CDP,0.118
2020,July,CA,Cottonwood CDP,0.101
2020,July,CA,Country Club CDP,0.234
2020,July,CA,Covelo CDP,0.133
2020,July,CA,Covina city,0.187
2020,July,CA,Crescent City city,0.094
2020,July,CA,Crescent Mills CDP,0
2020,July,CA,Crestline CDP,0.084
2020,July,CA,C Road CDP,0.161
2020,July,CA,Crockett CDP,0.167
2020,July,CA,Cromberg CDP,0
2020,July,CA,Cudahy city,0.168
2020,July,CA,Culver City city,0.155
2020,July,CA,Cupertino city,0.064
2020,July,CA,Cutler CDP,0.172
2020,July,CA,Cypress city,0.133
2020,July,CA,Daly City city,0.139
2020,July,CA,Dana Point city,0.107
2020,July,CA,Danville town,0.085
2020,July,CA,Darwin CDP,0
2020,July,CA,Davis city,0.075
2020,July,CA,Day Valley CDP,0.106
2020,July,CA,Deer Park CDP,0.166
2020,July,CA,Del Aire CDP,0.15
2020,July,CA,Delano city,0.254
2020,July,CA,Delhi CDP,0.138
2020,July,CA,Delleker CDP,0
2020,July,CA,Del Mar city,0.091
2020,July,CA,Del Monte Forest CDP,0.139
2020,July,CA,Del Rey CDP,0.169
2020,July,CA,Del Rey Oaks city,0.131
2020,July,CA,Denair CDP,0.127
2020,July,CA,Derby Acres CDP,0.029
2020,July,CA,Desert Hot Springs city,0.213
2020,July,CA,Desert View Highlands CDP,0.267
2020,July,CA,Diablo CDP,0
2020,July,CA,Diamond Bar city,0.158
2020,July,CA,Diamond Springs CDP,0.131
2020,July,CA,Dinuba city,0.214
2020,July,CA,Discovery Bay CDP,0.111
2020,July,CA,Dixon city,0.124
2020,July,CA,Dixon Lane Meadow Creek CDP,0.104
2020,July,CA,Dollar Point CDP,0.067
2020,July,CA,Dorrington CDP,0.122
2020,July,CA,Dos Palos city,0.111
2020,July,CA,Downey city,0.178
2020,July,CA,Duarte city,0.213
2020,July,CA,Dublin city,0.093
2020,July,CA,Ducor CDP,0.152
2020,July,CA,Dunsmuir city,0.071
2020,July,CA,Durham CDP,0.053
2020,July,CA,Dustin Acres CDP,0.078
2020,July,CA,Earlimart CDP,0.237
2020,July,CA,East Foothills CDP,0.058
2020,July,CA,East Hemet CDP,0.203
2020,July,CA,East Los Angeles CDP,0.274
2020,July,CA,East Oakdale CDP,0.117
2020,July,CA,Easton CDP,0.142
2020,July,CA,East Orosi CDP,0.427
2020,July,CA,East Palo Alto city,0.108
2020,July,CA,East Pasadena CDP,0.081
2020,July,CA,East Porterville CDP,0.342
2020,July,CA,East Quincy CDP,0.016
2020,July,CA,East Richmond Heights CDP,0.057
2020,July,CA,East San Gabriel CDP,0.076
2020,July,CA,East Shore CDP,0.772
2020,July,CA,East Sonora CDP,0
2020,July,CA,Eastvale City city,0.125
2020,July,CA,Edwards AFB CDP,0.187
2020,July,CA,El Cajon city,0.164
2020,July,CA,El Centro city,0.239
2020,July,CA,El Cerrito city,0.116
2020,July,CA,El Cerrito CDP,0.087
2020,July,CA,El Dorado Hills CDP,0.083
2020,July,CA,El Granada CDP,0.087
2020,July,CA,Elk Grove CDP,0.115
2020,July,CA,Elkhorn CDP,0.179
2020,July,CA,Elmira CDP,0.109
2020,July,CA,El Monte city,0.2
2020,July,CA,El Paso de Robles (Paso Robles) city,0.1
2020,July,CA,El Rio CDP,0.189
2020,July,CA,El Segundo city,0.208
2020,July,CA,El Sobrante CDP,0.145
2020,July,CA,El Verano CDP,0.044
2020,July,CA,Emeryville city,0.087
2020,July,CA,Empire CDP,0.094
2020,July,CA,Encinitas city,0.095
2020,July,CA,Escalon city,0.082
2020,July,CA,Escondido city,0.115
2020,July,CA,Esparto CDP,0.092
2020,July,CA,Eureka city,0.104
2020,July,CA,Exeter city,0.16
2020,July,CA,Fairfax town,0.08
2020,July,CA,Fairfield city,0.122
2020,July,CA,Fair Oaks CDP,0.086
2020,July,CA,Fairview CDP,0.06
2020,July,CA,Fallbrook CDP,0.115
2020,July,CA,Fall River Mills CDP,0
2020,July,CA,Farmersville city,0.192
2020,July,CA,Farmington CDP,0
2020,July,CA,Fellows CDP,0.176
2020,July,CA,Felton CDP,0.151
2020,July,CA,Ferndale city,0.042
2020,July,CA,Fetters Hot Springs Agua Caliente CDP,0.044
2020,July,CA,Fillmore city,0.098
2020,July,CA,Firebaugh city,0.217
2020,July,CA,Florence Graham CDP,0.233
2020,July,CA,Florin CDP,0.201
2020,July,CA,Folsom city,0.086
2020,July,CA,Fontana city,0.129
2020,July,CA,Foothill Farms CDP,0.13
2020,July,CA,Ford City CDP,0.183
2020,July,CA,Foresthill CDP,0.087
2020,July,CA,Forest Meadows CDP,0.167
2020,July,CA,Forestville CDP,0.112
2020,July,CA,Fort Bragg city,0.107
2020,July,CA,Fortuna city,0.089
2020,July,CA,Foster City city,0.066
2020,July,CA,Fountain Valley city,0.131
2020,July,CA,Fowler city,0.103
2020,July,CA,Frazier Park CDP,0.177
2020,July,CA,Freedom CDP,0.163
2020,July,CA,Fremont city,0.092
2020,July,CA,French Camp CDP,0.158
2020,July,CA,Fresno city,0.141
2020,July,CA,Friant CDP,0.222
2020,July,CA,Fullerton city,0.137
2020,July,CA,Furnace Creek CDP,0.019
2020,July,CA,Galt city,0.11
2020,July,CA,Gardena city,0.198
2020,July,CA,Garden Acres CDP,0.196
2020,July,CA,Garden Grove city,0.167
2020,July,CA,Georgetown CDP,0.211
2020,July,CA,Gilroy city,0.11
2020,July,CA,Glendale city,0.193
2020,July,CA,Glendora city,0.151
2020,July,CA,Glen Ellen CDP,0
2020,July,CA,Golden Hills CDP,0.083
2020,July,CA,Gold River CDP,0.136
2020,July,CA,Goleta City,0.088
2020,July,CA,Gonzales city,0.025
2020,July,CA,Goshen CDP,0.165
2020,July,CA,Graeagle CDP,0.098
2020,July,CA,Grand Terrace city,0.131
2020,July,CA,Granite Bay CDP,0.103
2020,July,CA,Grass Valley city,0.13
2020,July,CA,Graton CDP,0.178
2020,July,CA,Greenfield city,0.104
2020,July,CA,Greenhorn CDP,0.178
2020,July,CA,Green Valley CDP,0
2020,July,CA,Greenville CDP,0.237
2020,July,CA,Gridley city,0.124
2020,July,CA,Grover Beach city,0.124
2020,July,CA,Guadalupe city,0.083
2020,July,CA,Guerneville CDP,0.104
2020,July,CA,Gustine city,0.151
2020,July,CA,Hacienda Heights CDP,0.148
2020,July,CA,Half Moon Bay city,0.073
2020,July,CA,Hamilton Branch CDP,0.197
2020,July,CA,Hamilton City CDP,0.112
2020,July,CA,Hanford city,0.126
2020,July,CA,Hawaiian Gardens city,0.19
2020,July,CA,Hawthorne city,0.212
2020,July,CA,Hayfork CDP,0.024
2020,July,CA,Hayward city,0.139
2020,July,CA,Healdsburg city,0.089
2020,July,CA,Heber CDP,0.275
2020,July,CA,Hemet city,0.17
2020,July,CA,Hercules city,0.122
2020,July,CA,Hermosa Beach city,0.094
2020,July,CA,Hesperia city,0.147
2020,July,CA,Hidden Hills city,0.151
2020,July,CA,Hidden Valley Lake CDP,0.037
2020,July,CA,Highgrove CDP,0.201
2020,July,CA,Highland city,0.138
2020,July,CA,Hillsborough town,0.096
2020,July,CA,Hilmar Irwin CDP,0.05
2020,July,CA,Hollister city,0.129
2020,July,CA,Holtville city,0.29
2020,July,CA,Home Garden CDP,0.207
2020,July,CA,Home Gardens CDP,0.118
2020,July,CA,Homeland CDP,0.147
2020,July,CA,Hughson city,0.106
2020,July,CA,Huntington Beach city,0.118
2020,July,CA,Huntington Park city,0.163
2020,July,CA,Huron city,0.193
2020,July,CA,Hydesville CDP,0.014
2020,July,CA,Idyllwild Pine Cove CDP,0.085
2020,July,CA,Imperial city,0.238
2020,July,CA,Imperial Beach city,0.16
2020,July,CA,Independence CDP,0.059
2020,July,CA,Indian Falls CDP,0
2020,July,CA,Indian Wells city,0.115
2020,July,CA,Indio city,0.166
2020,July,CA,Industry city,0.2
2020,July,CA,Inglewood city,0.229
2020,July,CA,Interlaken CDP,0.118
2020,July,CA,Inverness CDP,0.038
2020,July,CA,Inyokern CDP,0
2020,July,CA,Ione city,0.113
2020,July,CA,Iron Horse CDP,0
2020,July,CA,Irvine city,0.102
2020,July,CA,Irwindale city,0.252
2020,July,CA,Isla Vista CDP,0.211
2020,July,CA,Isleton city,0.119
2020,July,CA,Ivanhoe CDP,0.18
2020,July,CA,Jackson city,0.099
2020,July,CA,Jamestown CDP,0.196
2020,July,CA,Johannesburg CDP,0
2020,July,CA,Johnsville CDP,0
2020,July,CA,Joshua Tree CDP,0.201
2020,July,CA,Jurupa Valley city,0.122
2020,July,CA,Keddie CDP,0.563
2020,July,CA,Keeler CDP,0
2020,July,CA,Keene CDP,0.174
2020,July,CA,Kelseyville CDP,0.078
2020,July,CA,Kennedy CDP,0.226
2020,July,CA,Kensington CDP,0.077
2020,July,CA,Kerman city,0.116
2020,July,CA,Kernville CDP,0
2020,July,CA,Kettleman City CDP,0.186
2020,July,CA,Keyes CDP,0.141
2020,July,CA,King City city,0.068
2020,July,CA,Kings Beach CDP,0.038
2020,July,CA,Kingsburg city,0.095
2020,July,CA,Kirkwood CDP,0.063
2020,July,CA,Klamath CDP,0.179
2020,July,CA,Knightsen CDP,0.069
2020,July,CA,La Canada Flintridge city,0.091
2020,July,CA,La Crescenta Montrose CDP,0.135
2020,July,CA,Ladera Heights CDP,0.216
2020,July,CA,Lafayette city,0.074
2020,July,CA,Laguna Beach city,0.096
2020,July,CA,Laguna Hills city,0.101
2020,July,CA,Laguna Niguel city,0.105
2020,July,CA,Laguna Woods city,0.084
2020,July,CA,La Habra city,0.128
2020,July,CA,La Habra Heights city,0.152
2020,July,CA,Lake Almanor Country Club CDP,0
2020,July,CA,Lake Almanor Peninsula CDP,0
2020,July,CA,Lake Almanor West CDP,0.313
2020,July,CA,Lake Arrowhead CDP,0.137
2020,July,CA,Lake Elsinore city,0.139
2020,July,CA,Lake Forest city,0.096
2020,July,CA,Lake Isabella CDP,0.222
2020,July,CA,Lakeland Village CDP,0.2
2020,July,CA,Lake Los Angeles CDP,0.307
2020,July,CA,Lake Nacimiento CDP,0.085
2020,July,CA,Lake of the Pines CDP,0.151
2020,July,CA,Lake of the Woods CDP,0.163
2020,July,CA,Lakeport city,0.065
2020,July,CA,Lakeside CDP,0.158
2020,July,CA,Lakeview CDP,0.146
2020,July,CA,Lake Wildwood CDP,0.027
2020,July,CA,Lakewood city,0.174
2020,July,CA,La Mesa city,0.128
2020,July,CA,La Mirada city,0.173
2020,July,CA,Lamont CDP,0.152
2020,July,CA,Lanare CDP,0
2020,July,CA,Lancaster city,0.196
2020,July,CA,La Palma city,0.121
2020,July,CA,La Porte CDP,0
2020,July,CA,La Puente city,0.183
2020,July,CA,La Quinta city,0.15
2020,July,CA,La Riviera CDP,0.108
2020,July,CA,Larkspur city,0.069
2020,July,CA,Las Flores CDP,0.042
2020,July,CA,Las Lomas CDP,0.148
2020,July,CA,Lathrop city,0.112
2020,July,CA,Laton CDP,0.16
2020,July,CA,La Verne city,0.149
2020,July,CA,Lawndale city,0.211
2020,July,CA,Laytonville CDP,0.25
2020,July,CA,Lebec CDP,0.268
2020,July,CA,Le Grand CDP,0.187
2020,July,CA,Lemon Cove CDP,0.059
2020,July,CA,Lemon Grove city,0.155
2020,July,CA,Lemoore city,0.117
2020,July,CA,Lemoore Station CDP,0.1
2020,July,CA,Lennox CDP,0.188
2020,July,CA,Lenwood CDP,0.037
2020,July,CA,Lewiston CDP,0.084
2020,July,CA,Lincoln city,0.1
2020,July,CA,Lincoln Village CDP,0.133
2020,July,CA,Linda CDP,0.182
2020,July,CA,Linden CDP,0.059
2020,July,CA,Lindsay city,0.22
2020,July,CA,Little Grass Valley CDP,0
2020,July,CA,Littlerock CDP,0.334
2020,July,CA,Live Oak CDP,0.077
2020,July,CA,Live Oak city,0.119
2020,July,CA,Livermore city,0.096
2020,July,CA,Livingston city,0.075
2020,July,CA,Lockeford CDP,0.161
2020,July,CA,Lodi city,0.127
2020,July,CA,Loma Linda city,0.087
2020,July,CA,Loma Rica CDP,0.048
2020,July,CA,Lomita city,0.165
2020,July,CA,Lompoc city,0.127
2020,July,CA,London CDP,0.232
2020,July,CA,Lone Pine CDP,0.1
2020,July,CA,Long Beach city,0.184
2020,July,CA,Loomis town,0.115
2020,July,CA,Los Alamitos city,0.128
2020,July,CA,Los Alamos CDP,0.103
2020,July,CA,Los Altos city,0.052
2020,July,CA,Los Angeles city,0.185
2020,July,CA,Los Banos city,0.173
2020,July,CA,Los Gatos town,0.077
2020,July,CA,Los Molinos CDP,0.108
2020,July,CA,Lost Hills CDP,0.064
2020,July,CA,Lower Lake CDP,0.105
2020,July,CA,Loyalton city,0.096
2020,July,CA,Lucerne CDP,0.065
2020,July,CA,Lynwood city,0.198
2020,July,CA,McCloud CDP,0.182
2020,July,CA,McFarland city,0.206
2020,July,CA,McKinleyville CDP,0.077
2020,July,CA,McKittrick CDP,0
2020,July,CA,Madera city,0.13
2020,July,CA,Madera Acres CDP,0.093
2020,July,CA,Magalia CDP,0.082
2020,July,CA,Malibu city,0.12
2020,July,CA,Mammoth Lakes town,0.017
2020,July,CA,Manhattan Beach city,0.102
2020,July,CA,Manteca city,0.138
2020,July,CA,Manton CDP,0.106
2020,July,CA,March AFB CDP,0.042
2020,July,CA,Maricopa city,0.217
2020,July,CA,Marina city,0.156
2020,July,CA,Marina del Rey CDP,0.117
2020,July,CA,Mariposa CDP,0.059
2020,July,CA,Markleeville CDP,0
2020,July,CA,Martinez city,0.105
2020,July,CA,Marysville city,0.123
2020,July,CA,Mayflower Village CDP,0.125
2020,July,CA,Maywood city,0.155
2020,July,CA,Meadow Valley CDP,0.333
2020,July,CA,Meadow Vista CDP,0.064
2020,July,CA,Mecca CDP,0.148
2020,July,CA,Meiners Oaks CDP,0.083
2020,July,CA,Mendocino CDP,0
2020,July,CA,Mendota city,0.288
2020,July,CA,Menifee City,0.141
2020,July,CA,Menlo Park city,0.053
2020,July,CA,Mentone CDP,0.114
2020,July,CA,Merced city,0.156
2020,July,CA,Mesa CDP,0.104
2020,July,CA,Mesa Vista CDP,0.323
2020,July,CA,Mettler CDP,0.308
2020,July,CA,Middletown CDP,0.148
2020,July,CA,Millbrae city,0.09
2020,July,CA,Mill Valley city,0.058
2020,July,CA,Milpitas city,0.106
2020,July,CA,Mineral CDP,0.181
2020,July,CA,Mira Monte CDP,0.132
2020,July,CA,Mission Canyon CDP,0.028
2020,July,CA,Mission Hills CDP,0.178
2020,July,CA,Mission Viejo city,0.11
2020,July,CA,Mi Wuk Village CDP,0.247
2020,July,CA,Modesto city,0.145
2020,July,CA,Mohawk Vista CDP,0
2020,July,CA,Mojave CDP,0.336
2020,July,CA,Mokelumne Hill CDP,0.247
2020,July,CA,Mono Vista CDP,0.018
2020,July,CA,Monrovia city,0.153
2020,July,CA,Montclair city,0.125
2020,July,CA,Montebello city,0.195
2020,July,CA,Montecito CDP,0.145
2020,July,CA,Monterey city,0.136
2020,July,CA,Monterey Park city,0.23
2020,July,CA,Monte Rio CDP,0.335
2020,July,CA,Moorpark city,0.105
2020,July,CA,Morada CDP,0
2020,July,CA,Moraga town,0.076
2020,July,CA,Moreno Valley city,0.143
2020,July,CA,Morgan Hill city,0.095
2020,July,CA,Morongo Valley CDP,0.121
2020,July,CA,Morro Bay city,0.151
2020,July,CA,Moss Landing CDP,0
2020,July,CA,Mountain Mesa CDP,0.147
2020,July,CA,Mountain Ranch CDP,0.163
2020,July,CA,Mountain View CDP,0.219
2020,July,CA,Mountain View city,0.052
2020,July,CA,Mountain View Acres CDP,0.204
2020,July,CA,Mount Shasta city,0.03
2020,July,CA,Murphys CDP,0.104
2020,July,CA,Murrieta city,0.126
2020,July,CA,Muscoy CDP,0.253
2020,July,CA,Napa city,0.11
2020,July,CA,National City city,0.165
2020,July,CA,Needles city,0.092
2020,July,CA,Nevada City city,0.09
2020,July,CA,Newark city,0.113
2020,July,CA,Newman city,0.175
2020,July,CA,Newport Beach city,0.093
2020,July,CA,Nice CDP,0.074
2020,July,CA,Nipomo CDP,0.141
2020,July,CA,Norco city,0.111
2020,July,CA,North Auburn CDP,0.08
2020,July,CA,North Edwards CDP,0.24
2020,July,CA,North El Monte CDP,0.099
2020,July,CA,North Fair Oaks CDP,0.068
2020,July,CA,North Highlands CDP,0.105
2020,July,CA,North Lakeport CDP,0.045
2020,July,CA,Norwalk city,0.19
2020,July,CA,Novato city,0.091
2020,July,CA,Nuevo CDP,0.131
2020,July,CA,Oakdale city,0.167
2020,July,CA,Oakhurst CDP,0.122
2020,July,CA,Oakland city,0.143
2020,July,CA,Oakley city,0.129
2020,July,CA,Oak Park CDP,0.131
2020,July,CA,Oak View CDP,0.117
2020,July,CA,Occidental CDP,0
2020,July,CA,Oceano CDP,0.13
2020,July,CA,Oceanside city,0.131
2020,July,CA,Oildale CDP,0.233
2020,July,CA,Ojai city,0.089
2020,July,CA,Olancha CDP,0.147
2020,July,CA,Olivehurst CDP,0.176
2020,July,CA,Ontario city,0.128
2020,July,CA,Onyx CDP,0
2020,July,CA,Orange city,0.114
2020,July,CA,Orange Cove city,0.201
2020,July,CA,Orangevale CDP,0.089
2020,July,CA,Orcutt CDP,0.108
2020,July,CA,Orinda city,0.072
2020,July,CA,Orland city,0.111
2020,July,CA,Oroville city,0.116
2020,July,CA,Oroville East CDP,0.087
2020,July,CA,Oxnard city,0.116
2020,July,CA,Pacheco CDP,0.196
2020,July,CA,Pacifica city,0.095
2020,July,CA,Pacific Grove city,0.1
2020,July,CA,Pajaro CDP,0.395
2020,July,CA,Palermo CDP,0.207
2020,July,CA,Palmdale city,0.2
2020,July,CA,Palm Desert city,0.159
2020,July,CA,Palm Springs city,0.155
2020,July,CA,Palo Alto city,0.05
2020,July,CA,Palos Verdes Estates city,0.095
2020,July,CA,Paradise town,0.041
2020,July,CA,Paramount city,0.195
2020,July,CA,Parksdale CDP,0.133
2020,July,CA,Parkwood CDP,0.172
2020,July,CA,Parlier city,0.146
2020,July,CA,Pasadena city,0.15
2020,July,CA,Patterson city,0.126
2020,July,CA,Paxton CDP,0
2020,July,CA,Penn Valley CDP,0.167
2020,July,CA,Perris city,0.147
2020,July,CA,Petaluma city,0.093
2020,July,CA,Pico Rivera city,0.185
2020,July,CA,Piedmont city,0.073
2020,July,CA,Pine Mountain Club CDP,0.118
2020,July,CA,Pinole city,0.118
2020,July,CA,Piru CDP,0.171
2020,July,CA,Pismo Beach city,0.057
2020,July,CA,Pittsburg city,0.153
2020,July,CA,Pixley CDP,0.287
2020,July,CA,Placentia city,0.124
2020,July,CA,Placerville city,0.08
2020,July,CA,Planada CDP,0.18
2020,July,CA,Pleasant Hill city,0.1
2020,July,CA,Pleasanton city,0.084
2020,July,CA,Plumas Eureka CDP,0.142
2020,July,CA,Plymouth city,0.092
2020,July,CA,Point Arena city,0.088
2020,July,CA,Point Reyes Station CDP,0
2020,July,CA,Pollock Pines CDP,0.101
2020,July,CA,Pomona city,0.179
2020,July,CA,Poplar Cotton Center CDP,0.444
2020,July,CA,Port Costa CDP,0
2020,July,CA,Porterville city,0.185
2020,July,CA,Port Hueneme city,0.111
2020,July,CA,Portola city,0.034
2020,July,CA,Poway city,0.086
2020,July,CA,Prattville CDP,0
2020,July,CA,Prunedale CDP,0.136
2020,July,CA,Quartz Hill CDP,0.184
2020,July,CA,Quincy CDP,0.054
2020,July,CA,Raisin City CDP,0.145
2020,July,CA,Ramona CDP,0.106
2020,July,CA,Rancho Calaveras CDP,0.085
2020,July,CA,Rancho Cordova City,0.124
2020,July,CA,Rancho Cucamonga city,0.112
2020,July,CA,Rancho Mirage city,0.106
2020,July,CA,Rancho Murieta CDP,0.059
2020,July,CA,Rancho Palos Verdes city,0.116
2020,July,CA,Rancho Santa Margarita city,0.096
2020,July,CA,Rancho Tehama Reserve CDP,0.172
2020,July,CA,Randsburg CDP,0
2020,July,CA,Red Bluff city,0.122
2020,July,CA,Redding city,0.107
2020,July,CA,Redlands city,0.104
2020,July,CA,Redondo Beach city,0.137
2020,July,CA,Redway CDP,0.11
2020,July,CA,Redwood City city,0.07
2020,July,CA,Reedley city,0.147
2020,July,CA,Rialto city,0.145
2020,July,CA,Richgrove CDP,0.494
2020,July,CA,Richmond city,0.15
2020,July,CA,Ridgecrest city,0.074
2020,July,CA,Ridgemark CDP,0.071
2020,July,CA,Rio Dell city,0.138
2020,July,CA,Rio del Mar CDP,0.082
2020,July,CA,Rio Linda CDP,0.099
2020,July,CA,Rio Vista city,0.152
2020,July,CA,Ripon city,0.088
2020,July,CA,Riverbank city,0.11
2020,July,CA,Riverdale CDP,0.061
2020,July,CA,Riverside city,0.126
2020,July,CA,Rocklin city,0.096
2020,July,CA,Rodeo CDP,0.136
2020,July,CA,Rohnert Park city,0.108
2020,July,CA,Rolling Hills city,0.165
2020,July,CA,Rolling Hills Estates city,0.141
2020,July,CA,Rollingwood CDP,0.162
2020,July,CA,Romoland CDP,0.133
2020,July,CA,Rosamond CDP,0.195
2020,July,CA,Rosedale CDP,0.101
2020,July,CA,Rosemead city,0.248
2020,July,CA,Rosemont CDP,0.125
2020,July,CA,Roseville city,0.101
2020,July,CA,Rossmoor CDP,0.104
2020,July,CA,Round Valley CDP,0
2020,July,CA,Rowland Heights CDP,0.135
2020,July,CA,Running Springs CDP,0.174
2020,July,CA,Sacramento city,0.13
2020,July,CA,St. Helena city,0.05
2020,July,CA,Salida CDP,0.124
2020,July,CA,Salinas city,0.124
2020,July,CA,San Andreas CDP,0.041
2020,July,CA,San Anselmo town,0.12
2020,July,CA,San Antonio Heights CDP,0.035
2020,July,CA,San Ardo CDP,0.035
2020,July,CA,San Bernardino city,0.161
2020,July,CA,San Bruno city,0.112
2020,July,CA,San Buenaventura (Ventura) city,0.114
2020,July,CA,San Carlos city,0.065
2020,July,CA,San Clemente city,0.107
2020,July,CA,Sand City city,0.082
2020,July,CA,San Diego city,0.121
2020,July,CA,San Dimas city,0.15
2020,July,CA,San Fernando city,0.173
2020,July,CA,San Francisco city,0.109
2020,July,CA,San Gabriel city,0.208
2020,July,CA,Sanger city,0.142
2020,July,CA,San Jacinto city,0.16
2020,July,CA,San Joaquin city,0.21
2020,July,CA,San Jose city,0.108
2020,July,CA,San Juan Bautista city,0.069
2020,July,CA,San Juan Capistrano city,0.104
2020,July,CA,San Leandro city,0.15
2020,July,CA,San Lorenzo CDP,0.125
2020,July,CA,San Lucas CDP,0.208
2020,July,CA,San Luis Obispo city,0.1
2020,July,CA,San Marcos city,0.113
2020,July,CA,San Marino city,0.102
2020,July,CA,San Martin CDP,0.081
2020,July,CA,San Mateo city,0.08
2020,July,CA,San Miguel CDP,0.198
2020,July,CA,San Pablo city,0.155
2020,July,CA,San Rafael city,0.091
2020,July,CA,San Ramon city,0.093
2020,July,CA,Santa Ana city,0.125
2020,July,CA,Santa Barbara city,0.099
2020,July,CA,Santa Clara city,0.079
2020,July,CA,Santa Clarita city,0.172
2020,July,CA,Santa Cruz city,0.111
2020,July,CA,Santa Fe Springs city,0.114
2020,July,CA,Santa Maria city,0.103
2020,July,CA,Santa Monica city,0.152
2020,July,CA,Santa Paula city,0.114
2020,July,CA,Santa Rosa city,0.101
2020,July,CA,Santa Ynez CDP,0.107
2020,July,CA,Santee city,0.109
2020,July,CA,Saratoga city,0.062
2020,July,CA,Sausalito city,0.089
2020,July,CA,Scotts Valley city,0.066
2020,July,CA,Seal Beach city,0.113
2020,July,CA,Searles Valley CDP,0.225
2020,July,CA,Seaside city,0.15
2020,July,CA,Sebastopol city,0.162
2020,July,CA,Selma city,0.102
2020,July,CA,Shafter city,0.224
2020,July,CA,Shandon CDP,0.115
2020,July,CA,Shasta Lake city,0.125
2020,July,CA,Shaver Lake CDP,0.015
2020,July,CA,Shingle Springs CDP,0.026
2020,July,CA,Shingletown CDP,0.137
2020,July,CA,Shoshone CDP,0
2020,July,CA,Sierra Madre city,0.183
2020,July,CA,Signal Hill city,0.17
2020,July,CA,Simi Valley city,0.118
2020,July,CA,Solana Beach city,0.069
2020,July,CA,Soledad city,0.125
2020,July,CA,Solvang city,0.059
2020,July,CA,Sonoma city,0.079
2020,July,CA,Sonora city,0.121
2020,July,CA,Soquel CDP,0.089
2020,July,CA,Soulsbyville CDP,0.117
2020,July,CA,South Dos Palos CDP,0.28
2020,July,CA,South El Monte city,0.177
2020,July,CA,South Gate city,0.186
2020,July,CA,South Lake Tahoe city,0.115
2020,July,CA,South Oroville CDP,0.107
2020,July,CA,South Pasadena city,0.148
2020,July,CA,South San Francisco city,0.124
2020,July,CA,South San Gabriel CDP,0.192
2020,July,CA,South San Jose Hills CDP,0.239
2020,July,CA,South Taft CDP,0.344
2020,July,CA,South Whittier CDP,0.157
2020,July,CA,Spreckels CDP,0
2020,July,CA,Spring Garden CDP,0
2020,July,CA,Spring Valley CDP,0.167
2020,July,CA,Springville CDP,0.081
2020,July,CA,Squaw Valley CDP,0.114
2020,July,CA,Squirrel Mountain Valley CDP,0.364
2020,July,CA,Stallion Springs CDP,0.256
2020,July,CA,Stanton city,0.151
2020,July,CA,Stockton city,0.164
2020,July,CA,Stratford CDP,0.17
2020,July,CA,Strathmore CDP,0.301
2020,July,CA,Suisun City city,0.128
2020,July,CA,Summerland CDP,0.103
2020,July,CA,Sunnyside Tahoe City CDP,0.146
2020,July,CA,Sunnyvale city,0.068
2020,July,CA,Sunol CDP,0.114
2020,July,CA,Susanville city,0.082
2020,July,CA,Sutter CDP,0.103
2020,July,CA,Sutter Creek city,0.063
2020,July,CA,Taft city,0.108
2020,July,CA,Taft Heights CDP,0.156
2020,July,CA,Taft Mosswood CDP,0.156
2020,July,CA,Tahoe Vista CDP,0.021
2020,July,CA,Tamalpais Homestead Valley CDP,0.111
2020,July,CA,Tara Hills CDP,0.124
2020,July,CA,Taylorsville CDP,0.6
2020,July,CA,Tecopa CDP,0.569
2020,July,CA,Tehachapi city,0.113
2020,July,CA,Tehama city,0.111
2020,July,CA,Temecula city,0.124
2020,July,CA,Temple City city,0.196
2020,July,CA,Templeton CDP,0.048
2020,July,CA,Terra Bella CDP,0.364
2020,July,CA,Thermalito CDP,0.174
2020,July,CA,Thousand Oaks city,0.109
2020,July,CA,Thousand Palms CDP,0.097
2020,July,CA,Three Rivers CDP,0.101
2020,July,CA,Tipton CDP,0.276
2020,July,CA,Tobin CDP,0
2020,July,CA,Tomales CDP,0
2020,July,CA,Toro Canyon CDP,0.035
2020,July,CA,Torrance city,0.15
2020,July,CA,Tracy city,0.141
2020,July,CA,Tranquillity CDP,0
2020,July,CA,Traver CDP,0.087
2020,July,CA,Trinidad city,0.07
2020,July,CA,Truckee town,0.081
2020,July,CA,Tulare city,0.146
2020,July,CA,Tuolumne City CDP,0
2020,July,CA,Tupman CDP,0.348
2020,July,CA,Turlock city,0.122
2020,July,CA,Tustin city,0.114
2020,July,CA,Twain CDP,0
2020,July,CA,Twain Harte CDP,0.088
2020,July,CA,Twentynine Palms city,0.122
2020,July,CA,Twin Lakes CDP,0.091
2020,July,CA,Ukiah city,0.136
2020,July,CA,Union City city,0.117
2020,July,CA,Upland city,0.125
2020,July,CA,Upper Lake CDP,0.118
2020,July,CA,Vacaville city,0.108
2020,July,CA,Valinda CDP,0.189
2020,July,CA,Vallejo city,0.148
2020,July,CA,Valle Vista CDP,0.147
2020,July,CA,Valley Acres CDP,0.335
2020,July,CA,Valley Center CDP,0.103
2020,July,CA,Valley Ranch CDP,0
2020,July,CA,Valley Springs CDP,0.064
2020,July,CA,Val Verde CDP,0.285
2020,July,CA,Vandenberg AFB CDP,0.119
2020,July,CA,Vandenberg Village CDP,0.076
2020,July,CA,Vernon city,0.111
2020,July,CA,Victorville city,0.163
2020,July,CA,View Park Windsor Hills CDP,0.292
2020,July,CA,Villa Park city,0.133
2020,July,CA,Vine Hill CDP,0.072
2020,July,CA,Vineyard CDP,0.106
2020,July,CA,Visalia city,0.145
2020,July,CA,Vista city,0.128
2020,July,CA,Walnut city,0.149
2020,July,CA,Walnut Creek city,0.09
2020,July,CA,Walnut Grove CDP,0.235
2020,July,CA,Walnut Park CDP,0.187
2020,July,CA,Wasco city,0.191
2020,July,CA,Waterford city,0.17
2020,July,CA,Watsonville city,0.124
2020,July,CA,Weaverville CDP,0.111
2020,July,CA,Weed city,0.141
2020,July,CA,Weedpatch CDP,0.179
2020,July,CA,Weldon CDP,0.222
2020,July,CA,West Athens CDP,0.232
2020,July,CA,West Bishop CDP,0.065
2020,July,CA,West Carson CDP,0.154
2020,July,CA,West Covina city,0.186
2020,July,CA,West Hollywood city,0.2
2020,July,CA,Westlake Village city,0.103
2020,July,CA,West Menlo Park CDP,0.116
2020,July,CA,Westminster city,0.168
2020,July,CA,West Modesto CDP,0.303
2020,July,CA,Westmont CDP,0.244
2020,July,CA,Westmorland city,0.234
2020,July,CA,West Point CDP,0
2020,July,CA,West Puente Valley CDP,0.256
2020,July,CA,West Sacramento city,0.119
2020,July,CA,West Whittier Los Nietos CDP,0.127
2020,July,CA,Westwood CDP,0.025
2020,July,CA,Wheatland city,0.149
2020,July,CA,Whitehawk CDP,0
2020,July,CA,Whittier city,0.17
2020,July,CA,Wildomar city,0.127
2020,July,CA,Wilkerson CDP,0.107
2020,July,CA,Williams city,0.101
2020,July,CA,Willits city,0.08
2020,July,CA,Willowbrook CDP,0.25
2020,July,CA,Willow Creek CDP,0
2020,July,CA,Willows city,0.13
2020,July,CA,Wilton CDP,0.07
2020,July,CA,Winchester CDP,0.156
2020,July,CA,Windsor town,0.091
2020,July,CA,Winters city,0.1
2020,July,CA,Winton CDP,0.234
2020,July,CA,Wofford Heights CDP,0.169
2020,July,CA,Woodcrest CDP,0.073
2020,July,CA,Woodlake city,0.145
2020,July,CA,Woodland city,0.1
2020,July,CA,Woodville CDP,0.227
2020,July,CA,Wrightwood CDP,0.095
2020,July,CA,Yorba Linda city,0.102
2020,July,CA,Yosemite Lakes CDP,0.131
2020,July,CA,Yosemite Valley CDP,0.049
2020,July,CA,Yountville town,0.124
2020,July,CA,Yreka city,0.118
2020,July,CA,Yuba City city,0.14
2020,July,CA,Yucaipa city,0.109
2020,July,CA,Yucca Valley town,0.174
2020,June,CA,Anaheim-Santa Ana-Irvine,0.134
2020,June,CA,Oakland-Hayward-Berkeley,0.132
2020,June,CA,San Francisco-Redwood City-South San Francisco,0.115
2020,June,CA,San Rafael,0.098
2020,June,CA,Bakersfield,0.174
2020,June,CA,Chico,0.117
2020,June,CA,El Centro,0.287
2020,June,CA,Fresno,0.151
2020,June,CA,Hanford-Corcoran,0.148
2020,June,CA,Los Angeles-Long Beach-Anaheim,0.176
2020,June,CA,Madera,0.145
2020,June,CA,Merced,0.159
2020,June,CA,Modesto,0.152
2020,June,CA,Napa,0.127
2020,June,CA,Oxnard-Thousand Oaks-Ventura,0.126
2020,June,CA,Redding,0.118
2020,June,CA,Riverside-San Bernardino-Ontario,0.14
2020,June,CA,Sacramento--Roseville--Arden-Arcade,0.128
2020,June,CA,Salinas,0.165
2020,June,CA,San Diego-Carlsbad,0.135
2020,June,CA,San Francisco-Oakland-Hayward,0.125
2020,June,CA,San Jose-Sunnyvale-Santa Clara,0.105
2020,June,CA,San Luis Obispo-Paso Robles-Arroyo Grande,0.113
2020,June,CA,Santa Cruz-Watsonville,0.142
2020,June,CA,Santa Maria-Santa Barbara,0.119
2020,June,CA,Santa Rosa,0.114
2020,June,CA,Stockton-Lodi,0.159
2020,June,CA,Vallejo-Fairfield,0.136
2020,June,CA,Visalia-Porterville,0.178
2020,June,CA,Yuba City,0.152
